{
  "version": 2,
  "builds": [
    {
      "src": "api/generate.js",
      "use": "@vercel/node"
    },
    {
      "src": "index.html",
      "use": "@vercel/static"
    }
  ],
  "routes": [
    {
      "src": "/video/gen",
      "methods": ["POST", "GET", "OPTIONS"],
      "dest": "/api/generate.js"
    },
    {
      "src": "/video/gen/(.*)",
      "methods": ["POST", "GET", "OPTIONS"],
      "dest": "/api/generate.js"
    },
    {
      "src": "/",
      "dest": "/index.html"
    },
    {
      "src": "/(.*)",
      "dest": "/index.html"
    }
  ]
}
